scores,states
"[0.09785, 0.05817, 0.0637, 0.05975, 0.04679, 0.05893, 0.05577]",000100000000000000000000000000000000000000
"[0.03795, 0.06501, 0.02321, 0.08612, 0.05824, 0.03544, 0]",200100000010000000000000000000000000000000
"[0, 0, 0, 0.05772, -1, 0, 0]",200100020010000001000000000000000000000000
"[0, 0, 0, 0, 0.04111, 0, 0]",200100020010001001000000200000000000000000
"[0.0515, 0, 0, 0, 0, 0, 0]",200100020010001001000200200010000000000000
"[0, 0, 0, 0, 0, 0.04555, 0]",201100020010001001000200200010000002000000
"[0, 0, 0, 0, 0.04307, 0, 0]",211102020010001001000200200010000002000000
"[0, 0.04047, 0, 0, 0, 0, 0]",020100000010000000000000000000000000000000
"[-1, -1, -1, 0.11452, -1, -1, 0]",220100000010000001000000000000000000000000
"[0.01726, 0.03964, 0.03303, 0.04089, 0.09441, 0.01726, 0]",220100001010000001000000200000000000000000
"[0.02321, 0, 0, 0, 0, 0, 0]",220100021010000001000000200000010000000000
"[0.03934, 0, 0, 0, 0, 0, 0]",220100221010001001000000200000010000000000
"[0, 0, 0, 0, 0, 0.02321, 0]",220100221010001001000200200010010000000000
"[0, 0.03395, 0, 0, 0, 0, 0]",220100221010001101000200200010010002000000
"[0, 0.02886, 0, 0, 0, 0, 0]",220100221010001101000220200011010002000000
"[0, 0, 0, 0, 0.01785, 0, 0]",220100221010001101000220200011010002201000
"[0, 0, 0, 0, 0, -1, 0]",222100221110001101000220200011010002201000
"[0, 0, 0, 0, 0, 0.0119, 0]",221120221010001101000220200011010002201000
"[0, 0, 0.0119, 0, 0, 0, 0]",221122221110001101000220200011010002201000
"[0, 0, -1, 0, 0, 0, 0]",221122221110001121000221200011010002201000
"[0.02321, 0, 0, 0, 0, 0, 0]",220102221010001101000200200010010000000000
"[0, 0.02321, 0, 0, 0, 0, 0]",220102221010001101000210200010010002000000
"[0, 0.02321, 0, 0, 0, 0, 0]",220102221010001101000210200012010002001000
"[0, 0, 0.01785, 0, 0, 0, 0]",220112221010001101000210200012010002201000
"[0, 0, 0, 0, 0.0119, 0, 0]",222112221011001101000210200012010002201000
"[0, 0, -1, 0, 0, 0, 0]",222112221011101101200210200012010002201000
"[0, 0, 0.02321, 0, 0, 0, 0]",220102001010000001000000200000010000000000
"[0.0119, 0, 0, 0, 0, 0, 0]",220102011010000001000000200000010000002000
"[0.0119, 0, 0, 0, 0, 0, 0]",220102011010002101000000200000010000002000
"[-1, 0, 0, 0, 0, 0, 0]",220102011010002101000210200000010000002000
"[0, 0, 0, 0.05654, 0, 0, 0]",020120000010000001000000000000000000000000
"[0.04202, 0, 0, 0, 0, 0, 0]",120120000010000001000000200000000000000000
"[0, 0.03395, 0, 0, 0, 0, 0]",120120020010000001000000200000010000000000
"[0.03395, 0, 0, 0, 0, 0, 0]",120120020010002001000100200000010000000000
"[0.03395, 0, 0, 0, 0, 0, 0]",120120020010002001000100200020010000001000
"[0, 0.03395, 0, 0, 0, 0, 0]",120120021010002001000100200020010002001000
"[0, 0.03395, 0, 0, 0, 0, 0]",120120021011002201000100200020010002001000
"[0, 0.03154, 0, 0, 0, 0, 0]",120120021011002201000120200021010002001000
"[0, 0, 0.02083, 0, 0, 0, 0]",120120021011002201100120200021010002201000
"[0, 0, -1, 0, -1, -1, 0]",122120021011002201100120210021010002201000
"[0, 0, 0, 0.05711, 0, 0, 0]",020100200010000001000000000000000000000000
"[0.05407, 0, 0, 0, 0, 0, 0]",120100200010000001000000200000000000000000
"[0, 0.05011, 0, 0, 0, 0, 0]",120100220010001001000000200000000000000000
"[0, 0, 0, 0, 0, 0.0119, 0]",120100220010001001000200200010000000000000
"[0.0119, 0, 0, 0, 0, 0, 0]",120102220010101001000200200010000000000000
"[0, 0.0119, 0, 0, 0, 0, 0]",120102220010111001000200200010000002000000
"[0, 0.0119, 0, 0, 0, 0, 0]",120102222010111101000200200010000002000000
"[0, 0.0119, 0, 0, 0, 0, 0]",120102222010111101000220200010010002000000
"[0, 0.0119, 0, 0, 0, 0, 0]",120102222010111101010220200012010002000000
"[0, 0, 0.0119, 0, 0, 0, 0]",120102222010111101011220200012010002200000
"[0, 0, -1, 0, 0, 0, 0]",122112222010111101011220200012010002200000
"[0.04288, 0, 0, 0, 0, 0, 0]",120100222010001101000000200000000000000000
"[0.03618, 0, 0, 0, 0, 0, 0]",120100222010001101000210200000000000000000
"[0, 0.02321, 0, 0, 0, 0, -1]",120100222010001101000210200021000000000000
"[0, 0, 0, 0.03731, 0, 0, 0]",020102000010000001000000000000000000000000
"[0.02321, 0, 0, 0, 0, 0, 0]",120102000010000001000000200000000000000000
"[0.02321, 0, 0, 0, 0, 0, 0]",120102020010100001000000200000000000000000
"[0, 0.02321, 0, 0, 0, 0, 0]",120102020010102001000100200000000000000000
"[0.02321, 0, 0, 0, 0, 0, 0]",120102022010102101000100200000000000000000
"[0.02321, 0, 0, 0, 0, 0, 0]",120112022010102101000100200020000000000000
"[0, 0.02321, 0, 0, 0, 0, 0]",120112022011102101000100200020000002000000
"[0, 0.02321, 0, 0, 0, 0, 0]",120112022011102101000120200021000002000000
"[0, 0, 0.01785, 0, 0, 0, 0]",120112022011102101100120200021000002200000
"[0, 0, -1, -1, 0, 0, 0]",122112022011102101110120200021000002200000
"[0.02589, 0, 0, 0, 0, 0, 0]",020102001010000001000000200000000000000000
"[0, 0.06779, 0, 0, 0, 0, 0]",220122011010000001000000200000010000000000
"[0.06237, 0, 0, 0, 0, 0, 0]",220122011010001201000000200000010000000000
"[0.05661, 0, 0, 0, 0, 0, 0]",220122011010001201000200200010010000000000
"[0, 0, 0, 0.05067, 0, 0, 0]",220122011010001201000210200010010002000000
"[0, 0, 0, 0, 0.04288, 0, 0]",221122011010001201000210200010010002002000
"[0, 0, 0.01785, 0, 0, 0, 0]",120100222010001101000210200021000001200000
"[0, 0, -1, -1, 0, 0, 0]",122100222110001101000210200021000001200000
"[0.0119, 0, 0, 0, 0, 0, 0]",021102000010000001000000200000000000000000
"[0.0119, 0, 0, 0, 0, 0, 0]",221102001010000001000000200000000000000000
"[0.0119, 0, 0, 0, 0, 0, 0]",221102021110000001000000200000000000000000
"[0.0119, 0, 0, 0, 0, 0, 0]",221102021110002001000100200000000000000000
"[-1, 0, 0, 0, 0, 0, 0]",221102021110002011000100200020000000000000
"[0.04416, 0, 0, 0, 0, 0, 0]",120100000010000002000000000000000000000000
"[0.08657, 0, 0, 0, 0, 0, 0]",120102010010000002000000000000000000000000
"[0, 0.06939, 0, 0, 0, 0, 0]",120102010010002002000100000000000000000000
"[0.0119, 0, 0, 0, 0, 0, 0]",120102011010002002000100000020000000000000
"[0, 0.0119, 0, 0, 0, 0, 0]",120102011010002102000100000020000002000000
"[0, 0.0119, 0, 0, 0, 0, 0]",120102011010002102000120000021000002000000
"[0, 0, -1, 0, 0, 0, 0]",120102011010002102000120100021000002200000
"[0.05669, 0, 0, 0, 0, 0, 0]",120102012010002102000100000000000000000000
"[0, 0, 0, 0.0483, 0, 0, 0]",120102012010002102000100000020000001000000
"[0, 0.04566, 0, 0, 0, 0, 0]",120102012010002102000120000021000001000000
"[0, 0, 0, 0.03511, 0, 0, 0]",120102012010002102000120100021000001200000
"[0, 0, 0, 0, 0, 0, 0.02618]",120102012010002102000120100021020001201000
"[0, 0, 0.03656, 0, 0, 0, 0]",000120000010000000000000000000000000000000
"[0, 0, 0, 0.07276, 0, 0, 0]",200120000010000001000000000000000000000000
"[0.01726, 0.07944, 0, 0, 0, 0, 0]",200120010010000001000000200000000000000000
"[0, 0, 0, 0, 0.02321, 0, 0]",200120010010002001000100200000000000000000
"[0.0119, 0, 0, 0, 0, 0, 0]",200120010010002001000100200020010000000000
"[0, 0.0119, 0, 0, 0, 0, 0]",210120010010002001000100200020010002000000
"[0, 0.0119, 0, 0, 0, 0, 0]",210120012010002101000100200020010002000000
"[0, 0.0119, 0, 0, 0, 0, 0]",210120012010002101000120200020010002001000
"[0, 0, -1, 0, 0, 0, 0]",210120012010002101000120200022010002101000
"[0.02371, 0, 0, 0, 0, 0, 0]",202120010110002001000100200000000000000000
"[-1, -1, -1, -1, -1, -1, -1]",212120010110002001000100200020000000000000
"[0, 0.03705, 0, 0, 0, 0, 0]",211122021010001001000200200010000002000000
"[0, 0.02232, 0, 0, 0, 0, 0]",211122021010001201000210200010000002000000
"[0, -1, -1, -1, -1, 0, 0]",211122021110001201000210200012000002000000
"[0.01785, 0, 0, 0, 0, 0, 0]",200120010012002001100100200000000000000000
"[0.0119, 0, 0, 0, 0, 0, 0]",200120010012002001100100200020010000000000
"[0, 0.0119, 0, 0, 0, 0, 0]",210120010012002001100100200020010002000000
"[0, 0.0119, 0, 0, 0, 0, 0]",210120012012002101100100200020010002000000
"[0, -1, 0, 0, 0, 0, 0]",211120012012002101100120200020010002000000
"[0.07791, 0.0586, 0, 0.04364, 0, 0, 0.0415]",220120011010000001000000200000000000000000
"[0.068, 0, -1, 0, 0, 0, 0]",220120011011002001000000200000000000000000
"[0, 0, 0, 0.062, 0, 0, 0]",220120011011002001000200200010000000000000
"[0.04416, 0, 0, 0, 0, 0, 0]",220122011011102001000200200010000000000000
"[0, 0, 0, 0, 0.04307, 0, 0]",220122011011102001100200200010000002000000
"[0, 0.03571, 0, 0, 0, 0, 0]",220122011011102001100200220010010002000000
"[0, 0, 0, 0, 0.0119, 0, 0]",220122011011102201100210220010010002000000
"[0, 0, 0.0119, 0, 0, 0, 0]",221122011011102201100210220010010002002000
"[0, -1, 0, 0, 0, 0, 0]",221122011211102201110210220010010002002000
"[0, 0, 0, 0, 0, -1, 0]",221122011011102201100210220010012002000000
"[0, 0.0119, 0, 0, 0, 0, 0]",200120010012002001100100200020000001000000
"[0, 0.0119, 0, 0, 0, 0, 0]",220120011012002001100100200020000001000000
"[0, -1, 0, 0, 0, 0, 0]",221120011012002201100100200020000001000000
"[0, 0, 0, 0, 0.04359, 0, 0]",100120000012000000000000000000000000000000
"[0, 0.02232, 0, 0, 0, 0, -1]",101120020012000000000000000000000000000000
"[0, 0, -1, 0, 0, 0, 0]",120122012011002102000120100021020001201000
"[0, 0, 0, 0.0119, 0, 0, 0]",121120020012000001000000000000000000000000
"[0.03843, 0, 0, 0, 0, 0, 0]",102120010012000000000000000000000000000000
"[0, 0.02083, 0, 0, 0, 0, 0]",102120010112002000000000000000000000000000
"[0, 0.01785, 0, 0, 0, 0, 0]",112120010112002000000200000000000000000000
"[-1, -1, 0, 0, 0, 0, 0]",112120012112002001000200000000000000000000
"[0.0119, 0, 0, 0, 0, 0, 0]",121120020012000001100000200000000000000000
"[0.0119, 0, 0, 0, 0, 0, 0]",121120020012002001100100200000000000000000
"[0, 0.0119, 0, 0, 0, 0, 0]",121120020012002001100100200020000001000000
"[0, 0.0119, 0, 0, 0, 0, 0]",121120022012002101100100200020000001000000
"[0, -1, 0, 0, 0, 0, 0]",121120022012002101100120200021000001000000
"[0, 0.06229, 0, 0, 0, 0, 0]",002100000010000000000000000000000000000000
"[0, 0, 0, 0.02321, 0, 0, 0]",202100000010000001000000000000000000000000
"[0, 0, 0, 0.04416, 0, 0, 0]",000100200010000000000000000000000000000000
"[0, 0, -1, 0.05764, 0, 0, 0]",200100200010000001000000000000000000000000
"[0, 0.04715, 0, 0, 0, 0, 0]",000100000020000001000000000000000000000000
"[0.05535, 0, 0, 0, 0, 0, 0]",200100000020000001000000100000000000000000
"[0, 0.05337, 0, 0, 0, 0, 0]",200100020020001001000000100000000000000000
"[-1, -1, 0, 0, -1, 0, 0]",200100020020001001000200100000010000000000
"[0.0119, 0, 0, 0, 0, 0, 0]",202100020020001001000100100000000000000000
"[0, 0.0119, 0, 0, 0, 0, 0]",202100020020001001000100100020000001000000
"[0, -1, 0, 0, 0, 0, 0]",222100020120001001000100100020000001000000
"[0.05011, 0, 0, 0, 0, 0, 0]",220100020020001001000100100000000000000000
"[0.04047, 0, 0, 0, 0, 0, 0]",220100021020001001000100100020000000000000
"[0, 0.02842, 0, 0, 0, 0, 0]",220100021020001101000100100020000002000000
"[0, 0, 0, 0, 0.02321, 0, 0]",221100021020001101000120100020000002000000
"[0, 0.02321, 0, 0, 0, 0, 0]",221120021020001101000120100021000002000000
"[0, 0, 0, 0, 0.01785, 0, 0]",221120021021001101000120100021000002200000
"[0, 0, 0, 0, 0, 0.0119, 0]",221120021021001101200120110021000002200000
"[0, 0, 0, 0.05154, 0, 0, 0]",000100200020000001000000100000000000000000
"[0, 0, 0, 0.04215, 0, 0, 0]",200100200020000001000000100000010000000000
"[0.01785, 0, 0, 0, 0, 0, 0]",200100210020000001000000100000010000002000
"[0.0119, 0, 0, 0, 0, 0, 0]",200100210020012001000000100000010000002000
"[0, 0, 0.0119, 0, 0, 0, 0]",201100210020012001000200100000010000002000
"[-1, 0, 0, 0, 0, 0, 0]",201110210220012001000200100000010000002000
"[0.03154, 0, 0, 0, 0, 0, 0]",200101200020000001000000100000010000002000
"[0.02618, 0, 0, 0, 0, 0, 0]",200101220020001001000000100000010000002000
"[0.0119, 0, 0, 0, 0, 0, 0]",210101220020001001000200100000010000002000
"[0.0119, 0, 0, 0, 0, 0, 0]",210101221020001001000200100020010000002000
"[0, -1, 0, 0, 0, 0, 0]",211101221020001001000200100020010002002000
"[0.0119, 0, 0, 0, 0, 0, 0]",200110210020002001000000100000010000002000
"[0.0119, 0, 0, 0, 0, 0, 0]",201110210020002001000200100000010000002000
"[0, 0, 0, 0, 0, 0, -1]",201110210020002001000200100020010001002000
"[0, 0, 0, 0, 0, 0.02083, 0]",210100200020000001000000100000010000002000
"[-1, -1, 0, 0, 0, 0, 0]",210112200020000001000000100000010000002000
"[0.03289, 0, 0, 0, 0, 0, 0]",201100200020000001000000100000010000002000
"[-0.42638, -1, -1, 0, -1, -1, 0]",201110220020000001000000100000010000002000
"[-1, -1, -1, 0, -1, -1, -1]",201110220020002001000100100000010000002000
"[0, 0, 0, 0, 0.01785, 0, 0]",120102212010012102000120100021020001201000
"[0.02469, 0, 0, 0, 0, 0, 0]",200110200020000001000000100000010000002000
"[0, 0, 0.0119, 0, 0, 0, 0]",200100210010000001000000200000000000000000
"[0.05596, 0, 0, 0, 0, 0, 0]",200100210010002001000100200000000000000000
"[0, 0, 0, 0, 0, 0.05011, 0]",200100210010002001000100200020000001000000
"[0, 0.03946, 0, 0, 0, 0, 0]",220100211010002001000100200020000001000000
"[0, 0.03303, 0, 0, 0, 0, 0]",220100211010002201000110200020000001000000
"[0, 0, 0, 0.02618, 0, 0, 0]",220100211010002201000110200022000001100000
"[0.01785, 0, 0, 0, 0, 0, 0]",200101220020011001000200100000010000002000
"[-1, -1, 0, 0, 0, 0, 0]",201101220020011001000200100020010000002000
"[-1, -1, -1, 0, 0, 0, 0]",122120010112002000000100000000000000000000
"[0, 0, -1, 0, 0, 0, 0]",221122021021001101200120110021001002200000
"[0.02321, 0, 0, 0, 0, 0, 0]",200100200020010001000000100000010000002000
"[0.02321, 0, 0, 0, 0, 0, 0]",200100220020011001000000100000010000002000
"[0.02321, 0, 0, 0, 0, 0, 0]",200100220020011001000200100010010000002000
"[0, 0.01785, 0, 0, 0, 0, 0]",210100220020011001000200100010010002002000
"[0, 0, 0.0119, 0, 0, 0, 0]",210110222020011001000200100010010002002000
"[0, 0, 0, 0, 0.01785, 0, 0]",220100211010002201000110200022020001101000
"[0, 0.0119, 0, 0, 0, 0, 0]",212110222120011001000200100010010002002000
"[0, 0.0119, 0, 0, 0, 0, 0]",212110222120011201000210100010010002002000
"[0, 0, 0.0119, 0, 0, 0, 0]",212110222120011201000210100012010002102000
"[0, 0, 0.0119, 0, 0, 0, 0]",212110222120011221001210100012010002102000
"[0, 0, 0.0119, 0, 0, 0, 0]",212110222120011221001212100012110002102000
"[0, 0, 0, 0, -1, 0, 0]",212110222121011221001212100012110002122000
"[0, 0, 0, 0, 0, 0.06402, 0]",120100200020000001000000100000000000000000
"[0.03705, 0, 0, 0, 0, 0, 0]",120100221020000001000000100000000000000000
"[0.02232, 0, 0, 0, 0, 0, 0]",120100221020002001000100100000000000000000
"[0.0119, 0, 0, 0, 0, 0, 0]",120101221020002001000100100020000000000000
"[0, 0.0119, 0, 0, 0, 0, 0]",121101221020002001000100100020000002000000
"[0, -1, 0, 0, 0, 0, 0]",121101221020002201000100100020010002000000
"[0.0119, 0, 0, 0, 0, 0, 0]",120110221020002001000100100020000000000000
"[0, 0.0119, 0, 0, 0, 0, 0]",120110221020002101000100100020000002000000
"[0, -1, 0, 0, 0, 0, 0]",121110221020002101000120100020000002000000
"[-1, -1, 0, 0, 0, 0, 0]",120100221020002001000100100020010000000000
"[0.06191, 0, 0, 0, 0, 0, 0]",122100201020000001000000100000000000000000
"[0, 0, 0, 0, 0.05517, 0, 0]",122100221020001001000000100000000000000000
"[0.0119, 0, 0, 0, 0, 0, 0]",122100221020001101000200100000000000000000
"[-1, 0, 0, 0, 0, 0, 0]",122100221020001101000210100020000000000000
"[0, 0, 0, 0.0119, 0, 0, 0]",122102221020001101000000100000000000000000
"[0.0119, 0, 0, 0, 0, 0, 0]",122102221020001101000200100010000000000000
"[0, 0.0119, 0, 0, 0, 0, 0]",122102221020001101000210100010000002000000
"[0, 0, -1, 0, 0, 0, 0]",122102221020001101000210100012000002100000
"[0, 0, 0, 0, 0.0119, 0, 0]",122102221020001101000100100000020000000000
"[-1, 0, 0, 0, 0, 0, 0]",122122221020001101000110100000020000000000
"[0.04252, 0, 0, 0, 0, 0, 0]",122120221020001001000100100000000000000000
"[0.02343, 0, 0, 0, 0, 0, 0]",122120221020001101000100100020000000000000
"[0, -1, -1, -1, -1, -1, -1]",122120221020001101000110100020000002000000
"[0, 0, 0, 0, 0, 0, 0.0119]",120102201020000001000000100000000000000000
"[0.03705, 0, 0, 0, 0, 0, 0]",120102221020001001000000100000000000000000
"[0.02767, 0, 0, 0, 0, 0, 0]",120102221020001101000200100000000000000000
"[0, 0.02321, 0, 0, 0, 0, 0]",120102221020001101000210100020000000000000
"[0, 0.01785, 0, 0, 0, 0, 0]",120102221020001101000210100022000001000000
"[0, 0, 0, 0, 0.0119, 0, 0]",121102221020001101000210100022000001200000
"[0, 0, -1, 0, 0, 0, 0]",121122221020001101000210100022010001200000
"[0.03395, 0, 0, 0, 0, 0, 0]",120102211020000201000000100000000000000000
"[0.03395, 0, 0, 0, 0, 0, 0]",120102211020002201000010100000000000000000
"[0.03154, 0, 0, 0, 0, 0, 0]",120102211020002201000210100010000000000000
"[0, 0.02618, 0, 0, 0, 0, 0]",120102211020002201000210100011000002000000
"[0, 0, 0, 0, 0.0119, 0, 0]",121102211020002201000210100011000002200000
"[0, 0, 0.0119, 0, 0, 0, 0]",121102211120002201000210100011020002200000
"[0, 0, 0.0119, 0, 0, 0, 0]",121102211120002221000211100011020002200000
"[0, 0, 0, 0.0119, 0, 0, 0]",121102211120002221000211100011220002210000
"[0, 0, 0, 0, -1, 0, 0]",121102211120012221000211100011220002212000
"[0.0119, 0, 0, 0, 0, 0, 0]",002100000120000001000000000000000000000000
"[0.0119, 0, 0, 0, 0, 0, 0]",202100000120000001000000100000000000000000
"[0.0119, 0, 0, 0, 0, 0, 0]",212100020120000001000000100000000000000000
"[0.0119, 0, 0, 0, 0, 0, 0]",212100020120002001000100100000000000000000
"[0.0119, 0, 0, 0, 0, 0, 0]",212100020120002011000100100020000000000000
"[0, 0.0119, 0, 0, 0, 0, 0]",212100021120002011000100100020000002000000
"[0, -1, 0, 0, 0, 0, 0]",212100021120002211000101100020000002000000
"[0, 0, -1, 0, 0, 0, 0]",121122211020002201000210100011010002200000
"[0.0512, 0, 0, 0, 0, 0, 0]",122102211020000001000000100000000000000000
"[0.0465, 0, 0, 0, 0, 0, 0]",122102211020002001000100100000000000000000
"[0.03779, 0, 0, 0, 0, 0, 0]",122102211020002101000100100020000000000000
"[0, 0.02767, 0, 0, 0, 0, 0]",122102211020002101000110100020000002000000
"[0, 0, 0, 0.01785, 0, 0, 0]",122102211020002101000110100022010002000000
"[0, 0, -1, 0, -1, 0, 0]",122102211020002101000110100022010002102000
"[-1, 0, 0, 0, 0, 0, 0]",120102201020020001000000100000010000000000
"[0.03505, 0, 0, 0, 0, 0, 0]",000100200020000001000000100000020000001000
"[0.03395, 0, 0, 0, 0, 0, 0]",200100200020010001000000100000020000001000
"[0.03395, 0, 0, 0, 0, 0, 0]",200100220020010001001000100000020000001000
"[0.03395, 0, 0, 0, 0, 0, 0]",200100220020012001001100100000020000001000
"[0, 0.03395, 0, 0, 0, 0, 0]",200100220020012001001100100020020001001000
"[0, 0.03395, 0, 0, 0, 0, 0]",220100221020012001001100100020020001001000
"[0, 0.03395, 0, 0, 0, 0, 0]",220100221020012201001110100020020001001000
"[0, 0, 0.02886, 0, 0, 0, 0]",220100221020012201001110100022020001101000
"[0, 0, -1, 0, 0, 0, 0.01785]",222100221120012201001110100022020001101000
"[0, 0, 0, 0, 0.0119, 0, 0]",222110221120012201001110100222020001101000
"[0.02589, 0, 0, 0, 0, 0, 0]",201100200020000001000000100000020000001000
"[0.02083, 0, 0, 0, 0, 0, 0]",201110220020000001000000100000020000001000
"[-1, -1, -1, 0, 0, 0, 0]",201110220020002001000100100000020000001000
"[0.01726, 0, 0, 0, 0, 0, 0]",200110200020000001000000100000020000001000
"[0.02321, 0, 0, 0, 0, 0, 0]",200101200020000001000000100000020000001000
"[0, 0.0119, 0, 0, 0, 0, 0]",200101220020001001000000100000020000001000
"[0.0119, 0, 0, 0, 0, 0, 0]",200101220020101001000200100000020000001000
"[-1, 0, 0, 0, 0, 0, 0]",201101220020101001000200100020020000001000
"[0.0119, 0, 0, 0, 0, 0, 0]",210100200020000001000000100000020000001000
"[-1, 0, 0, 0, 0, 0, 0]",211100220020000001000000100000020000001000
"[0, 0, -1, 0, 0, 0, 0]",222110221122012201101110100222020001101000
"[0.0119, 0, 0, 0, 0, 0, 0]",220101220020101001000000100000020000001000
"[-1, 0, 0, 0, 0, 0, 0]",220111220020101001000200100000020000001000
"[0, 0, 0.03705, 0, 0, 0, 0]",020100001020000001000000000000000000000000
"[0.0119, 0, 0, 0, 0, 0, 0]",020100001020000001000000200000010000000000
"[0.0119, 0, 0, 0, 0, 0, 0]",220100001020000001000000200000010000001000
"[0.0119, 0, 0, 0, 0, 0, 0]",220110021020000001000000200000010000001000
"[0.0119, 0, 0, 0, 0, 0, 0]",220110021020002001000100200000010000001000
"[0.0119, 0, 0, 0, 0, 0, 0]",220111021020002001000100200020010000001000
"[0, 0, 0.0119, 0, 0, 0, 0]",220111021020002101000100200020010002001000
"[0, -1, 0, 0, 0, 0, 0]",222111021020002101000110200020010002001000
"[0, 0, 0, 0.06236, 0, 0, 0.02083]",000102000010000000000000000000000000000000
"[0, 0, 0, 0.03395, 0, 0, 0]",200102000010000001000000000000000000000000
"[0, 0.05753, 0, 0, 0, 0, 0]",100102000010200000000000000000000000000000
"[0.03705, 0, 0, 0, 0, 0, 0]",100102020010200001000000000000000000000000
"[0.02232, 0, 0, 0, 0, 0, 0]",110102020010202001000000000000000000000000
"[-1, -1, -1, -1, 0, 0, 0]",110102020010202001000200000010000000000000
"[0.06105, 0, 0, 0, 0, 0, 0]",102102010010200000000000000000000000000000
"[0.05268, 0, 0, 0, 0, 0, 0]",102102010110202000000000000000000000000000
"[0, -1, 0, 0.0465, 0, 0, 0]",102102010110202000000200000010000000000000
"[0, 0.0119, 0, 0, 0, 0, 0]",112102010110202000000200000010000002000000
"[0, -1, 0, 0, 0, 0, 0]",112102012110202010000200000010000002000000
"[0.01785, 0, 0, 0, 0, 0, 0]",102102210110202010000200000010000000000000
"[0, 0, 0.0119, 0, 0, 0, 0]",102112210110202010000200000010000002000000
"[0, -1, 0, 0, 0, 0, 0]",102112210111202010000202000010000002000000
"[0.02321, 0, 0, 0, 0, 0, 0]",020102000010100001000000200000000000000000
"[0.02321, 0, 0, 0, 0, 0, 0]",220102001010100001000000200000000000000000
"[0.02321, 0, 0, 0, 0, 0, 0]",220102021010100001000000200000010000000000
"[0.02321, 0, 0, 0, 0, 0, 0]",220102021010102001000100200000010000000000
"[0.02321, 0, 0, 0, 0, 0, 0]",220102021010102101000100200020010000000000
"[0, 0.0119, 0, 0, 0, -1, 0]",220102021010102101000110200020010002000000
"[0, 0.0119, 0, 0, 0, 0, 0]",220112021010102101000110200022010002000000
"[0, 0, -1, 0, 0, 0, 0]",221112021010102101000110200022010002200000
"[0.0402, 0, 0, 0, 0, 0, 0]",102102010110202012000200000010000000000000
"[0, 0, 0.03303, 0, 0, 0, 0]",102102010110202012000201000010000002000000
"[0, 0, 0, 0, 0, 0, 0.0119]",102102010110202012000201100010200002000000
"[0, 0, 0, 0.0119, 0, 0, 0]",102112010110202012000201100010200002020000
"[0, -1, 0, 0, 0, 0, 0]",102112010110202012010201100010220002020000
"[0, -1, 0, 0, 0, 0, 0]",102112210110202012000201100010200002000000
"[0, 0, 0.04287, 0, 0, 0, 0]",120102010010200000000000000000000000000000
"[0.0119, 0, 0, 0, 0, 0, 0]",120102011010202000000000000000000000000000
"[0.0119, 0, 0, 0, 0, 0, 0]",120102011010202000000200000010000000000000
"[0, 0.0119, 0, 0, 0, 0, 0]",120102011010202100000200000010000002000000
"[0, 0.0119, 0, 0, 0, 0, 0]",120102011010202100000220000011000002000000
"[0, 0, -1, 0, 0, 0, 0]",120102011010202100010220000011000002200000
"[0.0119, 0, 0, 0, 0, 0, 0]",120102012010201000000000000000000000000000
"[0.0119, 0, 0, 0, 0, 0, 0]",120102012010201100000200000000000000000000
"[-1, 0, 0, 0, 0, 0, 0]",120102012010201101000200000020000000000000
"[0, 0, 0, 0, 0, 0.0119, 0]",120102211010200000000000000000000000000000
"[0.0119, 0, 0, 0, 0, 0, 0]",120102211010202100000000000000000000000000
"[0.0119, 0, 0, 0, 0, 0, 0]",120102211010202100000200000010000000000000
"[0, 0, 0, 0, -1, 0, 0]",120102211010202100000210000010000002000000
"[0.0119, 0, 0, 0, 0, 0, 0]",120102211010200000020000001000000000000000
"[0.0119, 0, 0, 0, 0, 0, 0]",120102211010202000020100001000000000000000
"[0.0119, 0, 0, 0, 0, 0, 0]",120102211010202100020100001020000000000000
"[0, 0.0119, 0, 0, 0, 0, 0]",120102211010202100020110001020000002000000
"[0, 0, -1, 0, 0, 0, 0]",120102211010202100020110001022000002100000
"[0.02343, 0, 0, 0, 0, -1, 0]",122102010010200001000000000000000000000000
"[-1, -1, -1, -1, -1, 0, -1]",122102011010202001000000000000000000000000
"[0.03395, 0, 0, 0, 0, 0, 0]",020102100010000001000000200000000000000000
"[0.03395, 0, 0, 0, 0, 0, 0]",220102101010000001000000200000000000000000
"[0.03395, 0, 0, 0, 0, 0, 0]",220102121010001001000000200000000000000000
"[0.02886, 0, 0, 0, 0, 0, 0]",220102121010001001000200200000010000000000
"[0, 0.0119, 0, 0, 0, 0, 0]",220102121010001001000200200020010000001000
"[0, 0.0119, 0, 0, 0, 0, 0]",220102121010011001000200200020010002001000
"[0, 0, 0, 0, 0, 0.0119, 0]",220102121010011201000210200020010002001000
"[0, 0, 0, 0, 0, 0.0119, 0]",220102121010211201010210200020010002001000
"[0, 0.0119, 0, 0, 0, 0, 0]",220102121010211201010210202021010002001000
"[0, 0, 0.0119, 0, 0, 0, 0]",221102121010211201010210202021010002201000
"[0, 0, -1, 0, 0, 0, 0]",221102121210211211010210202021010002201000
"[0.06501, 0, 0, 0, 0, 0, 0]",100102000010000002000000000000000000000000
"[0, 0, 0, 0.0632, 0, 0, 0]",100102020010001002000000000000000000000000
"[0, 0, 0.06163, 0, 0, 0, 0]",100102020010001002000100200000000000000000
"[0, 0.0119, 0, 0, 0, 0, 0]",100102020010001002000100200020000001000000
"[0, 0.0119, 0, 0, 0, 0, 0]",120102020010101002000100200020000001000000
"[0, 0.0119, 0, 0, 0, 0, 0]",120102022010101102000100200020000001000000
"[0, 0.0119, 0, 0, 0, 0, 0]",120102022010101102000120200021000001000000
"[0, 0, -1, 0, 0, 0, 0]",120102022010101102000120200021010001200000
"[0.05892, 0, 0, 0, 0, 0, 0]",102102020110001002000100200000000000000000
"[0.0559, 0, 0, 0, 0, 0, 0]",112102020110001002000100200020000000000000
"[0, 0, 0, 0.0449, -1, 0, 0]",112102020110101002000100200020000002000000
"[0, 0, 0.04416, 0, 0, 0, 0]",112102020110101002000100200020020002001000
"[0, 0.04416, 0, 0, 0, 0, 0]",112102021110101022000100200020020002001000
"[0, 0.04307, 0, 0, 0, 0, 0]",112102021110101222000101200020020002001000
"[0, 0, 0.0119, 0, 0, 0, 0]",112102021110101222000121200021020002001000
"[0, 0, 0.02618, 0, 0, 0, 0]",112102021110101222000121200021120002201000
"[0, 0, 0, 0, 0, 0.01785, 0]",112102021110101222010121200021120002221000
"[0, 0, 0, 0, 0, 0.08533, 0]",000122000011000000000000000000000000000000
"[0, -1, 0.06321, 0, -1, 0, 0]",200122000011000001000000000000000000000000
"[0.03429, 0, 0, 0, 0, 0, 0]",202122000111000001000000000000000000000000
"[-0.42624, -1, 0, 0, 0, 0, 0]",212122020111000001000000000000000000000000
"[-1, -1, -1, -1, -1, -1, -1]",212122020111002001000100000000000000000000
"[0.02083, 0, 0, 0, 0, 0, 0]",020100001020000201000000100000000000000000
"[-1, -1, -1, 0, 0, 0, 0]",220100001020000201000000100000010000000000
"[0.0119, 0, 0, 0, 0, 0, 0]",220122121010001101000200200020010000001000
"[0, 0.0119, 0, 0, 0, 0, 0]",220122121010001101000210200020010002001000
"[0, 0.0119, 0, 0, 0, 0, 0]",220122121011001101000210200022010002001000
"[0, 0, -1, 0, 0, 0, 0]",221122121011001101000210200022010002201000
"[0, 0, 0.02321, 0, 0, 0, 0]",000122200011000001000000000000000000000000
"[0.02321, 0, 0, 0, 0, 0, 0]",002122200111000001000000000000000000000000
"[0.01785, 0, 0, 0, 0, 0, 0]",202122210111000001000000000000000000000000
"[0, 0, 0, -1, 0, 0, 0]",202122210111002001000100000000000000000000
"[0, 0.0584, 0, 0, 0, 0, 0]",022100000110000000000000000000000000000000
"[0.04313, 0, 0, 0, 0, 0, 0]",022100002110000100000000000000000000000000
"[0.02343, 0, 0, 0, 0, 0, -1]",222100002110000101000000000000000000000000
"[0, 0, 0.07856, 0, 0, 0, 0]",000122000011000001200000000000000000000000
"[0.06242, -1, 0, 0, 0, 0, 0]",002122000111000001200000000000000000000000
"[0, -1, 0, 0, 0.0446, 0, 0]",202122000111000001200000010000000000000000
"[-0.42629, 0, -1, 0, -1, 0, 0]",202122010111000001200000010000002000000000
"[-1, -1, -1, -1, -1, -1, -1]",202122010111002001200100010000002000000000
"[0, 0, 0, 0, 0.07963, 0, 0]",000122000011200000100000000000000000000000
"[0, 0, 0, 0, 0, 0, 0.01785]",000122200011200001100000000000000000000000
"[-1, -1, 0, 0, 0, 0, 0]",000122200011220001110000000000000000000000
"[0, 0.0483, 0, 0, 0, 0, 0]",000122000011200000120000001000000000000000
"[0.03645, 0, 0, 0, 0, 0, 0]",020122001011200000120000001000000000000000
"[0, 0.02083, 0, 0, 0, 0, 0]",220122011011200000120000001000000000000000
"[0.0119, 0, 0, 0, 0, 0, 0]",220122011011202000120100001000000000000000
"[0.0119, 0, 0, 0, 0, 0, 0]",220122011011202100120100001020000000000000
"[0, -1, 0, 0, 0, 0, 0]",220122011011202101120100001020000002000000
"[0.0119, 0, 0, 0, 0, 0, 0]",220122011011202000120000011000000000000000
"[-1, 0, 0, 0, 0, 0, 0]",220122011011202001120200011000000000000000
"[0, 0, 0, 0, 0.0119, 0, 0]",220120211011002201000110200022020001101000
"[-1, 0, 0, 0, 0, 0, 0]",220122011011201200120000001000000000000000
"[-1, 0, 0, 0, 0, 0, 0]",220122011011200201120000001000000000000000
"[-1, 0, 0, 0, 0, 0, 0]",220122111011200200120000001000000000000000
"[0.03395, 0, 0, 0, 0, 0, 0]",010122000011200002100000000000000000000000
"[0.03395, 0, 0, 0, 0, 0, 0]",210122000011200002110000000000000000000000
"[0.03395, 0, 0, 0, 0, 0, 0]",210122020011201002110000000000000000000000
"[0.03154, 0, 0, 0, 0, 0, 0]",210122020011201002110200000010000000000000
"[0, 0.02618, 0, 0, 0, 0, 0]",210122021011201002110200000010000002000000
"[0, 0, 0.01785, 0, 0, 0, 0]",210122021011201202110200001010000002000000
"[0, -1, -1, 0, 0, 0, 0]",212122021011201202110210001010000002000000
"[0, 0, 0, 0, 0, 0.02306, 0]",200122000011200001100000000000000000000000
"[-1, -1, -1, -1, -1, 0, 0]",200122000011200001120000001000000000000000
"[0.0709, 0, 0, 0, 0, 0, 0]",010122000011200000100000020000000000000000
"[0, 0, 0, 0.0119, 0, 0, 0]",210122000011200000110000020000000000000000
"[0, 0, 0.03835, 0, 0, 0, 0]",210122020011200001110000020000000000000000
"[0, 0.02083, 0, 0, 0, 0, 0]",212122020111200001110000020000000000000000
"[-1, -1, 0, -1, 0, 0, 0]",212122020111202001110100020000000000000000
"[-1, -1, -1, 0, 0, 0, 0]",212122022111200101110000020000000000000000
"[-1, 0, 0, 0, 0, 0, 0]",210122000011200002110000021000000000000000
"[-1, -1, -1, 0.07486, -1, 0, -1]",002102000010000001000000000000000000000000
"[-1, -1, -1, -1, -1, 0, -1]",222100022110001101000000000000000000000000
"[0, 0.0119, 0, 0, 0, 0, 0]",012102000010000001000000200000000000000000
"[0.06307, 0.03041, 0, 0, 0, 0, 0]",212102000110000001000000200000000000000000
"[0.04252, 0, 0, 0, 0, 0, 0]",212102001110000001000000200000020000000000
"[0, 0.02362, 0, 0, 0, 0, 0]",212102021110000101000000200000020000000000
"[-1, -1, -1, -1, -1, -1, -1]",212102021110001101000020200000020000000000
"[0, 0, 0, 0, 0, -1, 0.04371]",212102001110200001000000200000000000000000
"[-1, 0.02343, 0, 0, 0, 0, 0]",212102021110200101000000200000000000000000
"[-1, -1, -1, -1, -1, -1, 0]",212102021110201101000020200000000000000000
"[0.02362, 0, 0, 0, 0, 0, 0]",212102201110200101000000200000000000000000
"[-1, -1, -1, -1, -1, -1, 0]",212102221110201101000000200000000000000000
"[0.03303, 0, 0, 0, 0, 0, 0]",212122001110000001000000200000000000000000
"[0, 0, 0, 0, 0, 0, 0.0119]",212122021110000101000000200000000000000000
"[-1, -1, 0, 0, 0, 0, 0]",212122021110000111000020200000000000000000
"[0.03303, 0, 0, 0, 0, 0, 0]",212102201110000001000000200000000000000000
"[0, 0.02083, 0, 0, 0, 0, 0]",212102221110000101000000200000000000000000
"[-1, -1, -1, 0, 0, 0, 0]",212102221110001101000020200000000000000000
"[0.03116, 0, 0, 0, 0, 0, 0]",212102001110000021000000200000000000000000
"[0.02618, 0, 0, 0, 0, 0, 0]",212102021110100021000000200000000000000000
"[0, 0.02321, 0, 0, 0, 0, 0]",212102021110102021000100200000000000000000
"[0.02321, 0, 0, 0, 0, 0, 0]",212102021110102221000101200000000000000000
"[0, 0, 0, 0, 0, 0.01785, 0]",212102021110102221000101200020000001000000
"[0, 0, 0.0119, 0, 0, 0, 0]",212102021110102221020101200020100001000000
"[0.0119, 0, 0, 0, 0, 0, 0]",212102021110001021000000200000000000000000
"[0, 0, 0, -1, 0, 0, 0]",212102021110001121000200200000000000000000
"[-1, 0, -1, 0, 0, 0, 0]",212102021110000121000000200000000000000000
"[0.01785, 0, 0, 0, 0, 0, 0]",212102121110000021000000200000000000000000
"[0, 0.0119, 0, 0, 0, 0, 0]",212102121110002021000100200000000000000000
"[0, -1, 0, 0, 0, 0, 0]",212102021110102221020101200020110001020000
"[0, 0, 0, 0, 0, 0, 0.0119]",212102002110000011000000200000000000000000
"[0, 0, 0.02306, 0, 0, 0, 0]",212102022110000111000000200000000000000000
"[-1, -1, -1, -1, -1, 0, 0]",212102022110000111000012200000000000000000
"[0.0119, 0, 0, 0, 0, 0, 0]",212102121110002221000100200000010000000000
"[0.0119, 0, 0, 0, 0, 0, 0]",212102121110102221000100200020010000000000
"[0, 0.0119, 0, 0, 0, 0, 0]",212102121110102221010100200020010002000000
"[0, -1, 0, 0, 0, 0, 0]",212102121110102221010120201020010002000000
"[0, 0, 0, 0, 0, 0.0119, 0]",112102021110101222010121202021120102221000
"[0.05291, 0, 0, 0.02245, 0, 0, 0]",212102021110000001000000200000000000000000
"[-1, 0.04154, 0, 0, 0, 0, 0]",212102021110002001000100200000000000000000
"[0.03035, 0, 0, 0, -1, 0, 0]",212102021110002201000100200010000000000000
"[0, 0, 0.01785, 0, 0, 0, -1]",212102021110002201000110200010000002000000
"[0, 0.0119, 0, 0, 0, 0, 0]",212102021110002221000111200010000002000000
"[0, 0, -1, 0, -1, 0, 0]",120122212011012102000120100021020001201000
"[0.0119, 0, 0, 0, 0, 0, 0]",212102202110000111000000200000000000000000
"[-1, 0, 0, 0, 0, 0, 0]",212102222110000111000010200000000000000000
"[0, 0.0119, 0, 0, 0, 0, 0]",212102021110102221000111200012000002000000
"[0, 0, 0.0119, 0, 0, 0, 0]",212102021110102221000111200012100002200000
"[0, 0, 0, 0.0119, 0, 0, 0]",212102021110102221010111200012100002220000
"[0, 0, 0, 0, -1, 0, 0]",212102021110102221010111200012120002221000
"[0, 0, 0.04019, 0, 0, 0, 0]",012102001210000001000000200000000000000000
"[0.0119, 0, 0, 0, 0, 0, 0]",212102001210000011000000200000000000000000
"[-1, 0, 0, 0, 0, 0, 0]",212102021210000111000000200000000000000000
"[0, 0, 0, 0.02618, 0, 0, 0]",012102001210000021000001200000000000000000
"[0, 0.02083, 0, 0, 0, 0, 0]",212102001210000121000001200000000000000000
"[-1, -1, 0, 0, 0, 0, -1]",212102011210000121000021200000000000000000
"[-1, 0.0119, 0, 0, 0, 0, 0]",012102001210000121000001200000020000000000
"[0.04583, 0, 0, 0, 0, 0, 0]",200102020010001001000100200000000000000000
"[0, 0.03705, 0, 0, 0, 0, 0]",210102020010001001000100200020000000000000
"[0, 0.01785, 0, 0, 0, 0, 0]",211102020010001001000100200020000002000000
"[0, 0, 0, 0, 0.01785, 0, 0]",211102022010001101000100200020000002000000
"[0, 0, 0.0119, 0, 0, 0, 0]",012102001210000121000021200001020000000000
"[0.0119, 0, 0, 0, 0, 0, 0]",012102001210100121000021200001220000000000
"[0.0119, 0, 0, 0, 0, 0, 0]",212102011210100121000021200001220000000000
"[0.0119, 0, 0, 0, 0, 0, 0]",212102011210102121000021200001220000001000
"[0.0119, 0, 0, 0, 0, 0, 0]",212102011210102121000221200011220000001000
"[0, 0, 0.0119, 0, 0, 0, 0]",212102011210102121000221200011220002101000
"[0, 0, 0, 0, -1, 0, 0]",212102111210102121000221200011220002121000
"[0, 0, 0, 0.05088, 0, 0, 0]",012102201010000001000000200000000000000000
"[-1, 0, 0, 0, 0, 0, 0]",212102201010000101000000200000000000000000
"[0.02509, 0, 0, 0, 0, 0, 0]",012102201010000101000000200000020000000000
"[-0.65124, -1, -1, -1, 0, 0, 0]",212102201110000101000000200000020000000000
"[-1, -1, -1, -1, -1, -1, -1]",212102221110001101000000200000020000000000
"[0, 0, 0, 0, 0, 0, 0.02083]",012122000110000001000000200000000000000000
"[-1, 0, 0, 0, 0, 0, 0]",012122000111000021000000200000000000000000
"[-1, 0, 0, 0, 0, 0, 0]",212122221110000111000000200000000000000000
"[0, 0, 0, 0.03618, 0, 0, 0]",100120000012000000200000010000000000000000
"[0.0119, 0, 0, 0, 0, 0, 0]",110120020012000000200000010000000000000000
"[-1, 0, 0, 0, 0, 0, 0]",110120020012002001200000010000000000000000
"[-1, -1, -1, 0, 0, 0, 0]",012122200111000001000000200000000000000000
"[0, 0, 0, 0, 0, 0, 0.0119]",112102002010000001000000200000000000000000
"[0.0119, 0, 0, 0, 0, 0, 0]",112102202010000101000000200000000000000000
"[-1, 0, 0, 0, 0, 0, 0]",112102222110000101000000200000000000000000
"[-1, -1, -1, 0, 0, 0, 0]",000102200010000001000000000000000000000000
"[0.02767, 0, 0, 0, 0, 0, 0]",210102022010001101000100200020000000000000
"[0, -1, -1, 0, 0, 0, 0]",211122022010001101000110200020000002000000
"[0, 0, 0, 0, 0, 0.03395, 0]",200120020010001001000100200000000000000000
"[0, 0.0119, 0, 0, 0, 0, 0]",200120020010001001000100200020000001000000
"[0, 0.0119, 0, 0, 0, 0, 0]",220120021010001001000100200020000001000000
"[0, 0.0119, 0, 0, 0, 0, 0]",220120021010001201000110200020000001000000
"[0, 0.0119, 0, 0, 0, 0, 0]",220120021010001201000110200022010001000000
"[0, 0, 0.0119, 0, 0, 0, 0]",220120021010001201000110200022010001201000
"[0, 0, -1, 0, 0, 0, 0]",222120021110001201000110200022010001201000
"[0, 0.0119, 0, 0, 0, 0, 0]",220120020010001001000100200000010000000000
"[0.0119, 0, 0, 0, 0, 0, 0]",220120022010001001000100200010010000000000
"[0, 0.0119, 0, 0, 0, 0, 0]",220120022010001101000100200010010002000000
"[0, 0.0119, 0, 0, 0, 0, 0]",221120022010001101000120200010010002000000
"[0, 0, -1, 0, 0, 0, 0]",221120022011001101000120200012010002000000
"[0.02321, 0, 0, 0, 0, 0, 0]",200120020012001001000100200010000000000000
"[0, 0.02321, 0, 0, 0, 0, 0]",200120020012001001100100200010000002000000
"[0, 0.01785, 0, 0, 0, 0, 0]",221120020012001001100100200010000002000000
"[0, -1, -1, 0, 0, 0, 0]",221120022012001101100100200010000002000000
"[0.02321, 0, 0, 0, 0, 0, 0]",200120220010001001000100200010000000000000
"[0, 0, 0.0119, 0, 0, 0, 0]",201120220010001001000100200010000002000000
"[0, 0.0119, 0, 0, 0, 0, 0]",221120220110001001000100200010000002000000
"[0, -1, 0, 0, 0, 0, 0]",221120222110001011000100200010000002000000
"[0, 0.0119, 0, 0, 0, 0, 0]",201120220210001011000100200010000002000000
"[0, -1, 0, 0, 0, 0, 0]",221120221210001011000100200010000002000000
"[0.03395, 0, 0, 0, 0, 0, 0]",200122020010001001000100200010000000000000
"[0, 0.03154, 0, 0, 0, 0, 0]",201122020010001001000100200010000002000000
"[0, 0.02083, 0, 0, 0, 0, 0]",221122020110001001000100200010000002000000
"[0, -1, -1, -1, 0, 0, 0]",221122022110001011000100200010000002000000
"[0, 0, 0, 0, 0.08176, 0, 0]",200100000010000002000000100000000000000000
"[0.02321, 0, 0, 0, 0, 0, 0]",200100020010000002000000100000010000000000
"[0.02321, 0, 0, 0, 0, 0, 0]",200100020010002002000100100000010000000000
"[0.02321, 0, 0, 0, 0, 0, 0]",200100020010002002000100100020010000001000
"[0, 0.02321, 0, 0, 0, 0, 0]",210100020010002002000100100020010002001000
"[0, 0.01785, 0, 0, 0, 0, 0]",210100022010002102000100100020010002001000
"[0, -1, 0, 0, 0, -1, 0]",211100022010002102000120100020010002001000
"[0, 0.04187, 0, 0, 0, 0, 0]",200100000010000002000000100000020000001000
"[0.0119, 0, 0, 0, 0, 0, 0]",200101020010000002000000100000020000001000
"[0.0119, 0, 0, 0, 0, 0, 0]",200101020010002002000100100000020000001000
"[-1, 0, 0, 0, 0, 0, 0]",200111020010002002000100100020020000001000
"[0, 0, 0.03154, 0, 0, 0, 0]",110120000012000002200000010000000000000000
"[0.02618, 0, 0, 0, 0, 0, 0]",112120001012000002200000010000000000000000
"[0, 0.02321, 0, 0, 0, 0, 0]",112120021012000102200000010000000000000000
"[0.01785, 0, 0, 0, 0, 0, 0]",112120021012000102200020010001000000000000
"[-1, -1, 0, 0, 0, 0, 0]",112120021012002102200120010001000000000000
"[0, 0, 0, 0.03395, 0, 0, 0]",002120000010000001000000000000000000000000
"[0, 0.03886, 0, 0, 0, 0, 0]",120102012010002102000100200020010001000000
"[0, 0, 0, 0, 0, 0.03154, 0]",120102012010002102000120200021010001000000
"[0, 0, 0, 0, 0.0119, 0, 0]",120102012010002102000120200021010001201000
"[0.03437, 0, 0, 0, 0, 0, 0]",220100010010000002000000100000020000001000
"[0, 0, 0.02083, 0, 0, 0, 0]",220100010010002002000100100000020000001000
"[0, 0.0119, 0, 0, 0, 0, 0]",220100010010002002000100100020020001001000
"[0, 0, 0, 0, 0, 0, 0.0119]",220100012010002102000100100020020001001000
"[0, 0.0119, 0, 0, 0, 0, 0]",220100212010002102000110100020020001001000
"[0, 0, -1, 0, 0, 0, 0]",220100212010002102000110100022020001101000
"[0, 0, 0, 0, 0, 0, 0.0119]",120122012011002102000120200021010001201000
"[0, 0, -1, 0, 0, 0, 0]",120122212011102102000120200021010001201000
"[0, 0.02618, 0, 0, 0, 0, 0]",120102012010202102000120200021010001001000
"[0, 0, 0, 0, 0.01785, 0, 0]",120102012010202102010120200021010001201000
"[0, 0, 0, 0, 0.0119, 0, 0]",120122012010202102010120201021010001201000
"[0, 0, -1, 0, 0, 0, 0]",120122012012202102110120201021010001201000
"[0, 0, 0.05386, 0, 0, 0, 0]",120100010010000002000000200000000000000000
"[0.05337, 0, 0, 0, 0, 0, 0]",120100010010002002000100200000000000000000
"[0, 0, 0, 0, 0.0119, 0, 0]",120100010010002002000100200020000001000000
"[0, 0.03946, 0, 0, 0, 0, 0]",120100012010002102000100200020000001000000
"[0, 0.03303, 0, 0, 0, 0, 0]",120100012010002102000120200021000001000000
"[0, 0, 0, 0.02618, 0, 0, 0]",120100012010002102000120200021010001200000
"[0, 0, -1, 0, 0, 0, 0]",220120211011012201200110200022020001101000
"[0, 0, 0, 0, 0.01785, 0, 0]",120101012010002102000120200021010001202000
"[0, 0, 0, 0, 0.0119, 0, 0]",120121012010102102000120200021010001202000
"[-1, -1, -1, 0, 0, 0, 0]",222100010110002002000100100000020000001000
"[0, 0, -1, 0, 0, 0, 0]",120121012012102102100120200021010001202000
"[0, 0.0119, 0, 0, 0, 0, 0]",120120011010002002000100200020000001000000
"[0, 0.0119, 0, 0, 0, 0, 0]",120120011010002202000110200020000001000000
"[0, 0.0119, 0, 0, 0, 0, 0]",120120011011002202000110200022000001000000
"[0, 0, -1, 0, 0, 0, 0]",120120011011002202100110200022000001200000
"[0.05386, 0, 0, -1, 0, 0, 0]",120100210010001002000000200000000000000000
"[0.05337, 0, 0, 0, 0, 0, 0]",120100211010001002000200200000000000000000
"[0.0512, 0, 0, 0, 0, 0, 0]",120100211010001002000200200020010000000000
"[0, 0.0465, 0, 0, 0, 0, 0]",120100211010001102000200200020010002000000
"[0, 0.0402, 0, 0, 0, 0, 0]",120100211010001102000220200021010002000000
"[0, 0, 0, 0, 0, 0.0119, 0]",120100211010001102000220200021010002201000
"[0, 0, 0, 0, 0.01785, 0, 0]",120120211011001102000220200021010002201000
"[0, 0.03618, 0, 0, 0, 0, 0]",221122011012001201100210200010010002002000
"[0, 0, 0, 0, 0, 0.03154, 0]",221122011012001201100210200012010002102000
"[0, 0, 0, 0, 0.0119, 0, 0]",120120211011001102200220210021010002201000
"[0, 0, -1, 0, 0, 0, 0]",120120211011011102200220210021012002201000
"[0, 0, -1, 0, 0, 0, 0]",120102211010101102000220200021010002201000
"[0.05386, 0, 0, 0, 0, 0, 0]",122100010010001002000000200000000000000000
"[0.05337, 0, 0, 0, 0, 0, 0]",122100010010001002000200200010000000000000
"[0, 0.0512, 0, 0, 0, 0, 0]",122100010110001002000200200010000002000000
"[0, 0.0465, 0, 0, 0, 0, 0]",122100012110001102000200200010000002000000
"[0, 0.0402, 0, 0, 0, 0, 0]",122100012110001102000220200011000002000000
"[0, 0, 0, 0.03303, 0, 0, 0]",122100012110001102000220200011010002200000
"[0, 0, 0, 0, 0.02083, 0, 0]",122101012110001102000220200011010002202000
"[0, 0, 0, 0, 0, 0.0119, 0]",122121012111001102000220200011010002202000
"[0, 0, -1, 0, 0, 0, 0]",122121012111201102100220200011010002202000
"[0.04307, 0, 0, 0, 0, 0, 0]",120100020010001002000000000000000000000000
"[0, 0, 0, 0.03705, 0, 0, 0]",120100020010001002000200000010000000000000
"[0.02232, 0, 0, 0, 0, 0, 0]",120101020010001002000200200010000000000000
"[0, -1, -1, -1, -1, 0, 0]",120111020010001002000200200010000002000000
"[0, 0, 0, 0, -1, 0, 0]",112102121110101222010121202021120102221020
"[0, 0, 0, 0, 0, 0.02618, 0]",221122011012201201110210200012010002102000
"[0, 0, 0, 0, 0.01785, 0, 0]",221122011012201201110210212012010002102000
"[0, 0, -1, 0, -1, 0, 0]",221122011012201201110210212012012102102000
"[0.02321, 0, 0, 0, 0, 0, 0]",220100021010002001000100200000010000000000
"[0, 0, 0, 0.0119, 0, 0, 0]",220100021010002101000100200020010000000000
"[0, 0.0119, 0, 0, 0, 0, 0]",220100021010002101000110200020010002000000
"[0, 0, -1, 0, 0, 0, 0]",220100021010002101000110200022010002100000
"[0.01785, 0, 0, 0, 0, 0, 0]",222102001010000101000000200000010000000000
"[0, 0.0119, 0, 0, 0, 0, 0]",222102021110000101000000200000010000000000
"[0, 0.06901, 0, 0, 0, 0, 0]",220100011010000201000000200000000000000000
"[0.0119, 0, 0, 0, 0, 0, 0]",220100011010002201000010200000000000000000
"[0.0119, 0, 0, 0, 0, 0, 0]",220100011010002201000210200010000000000000
"[0, 0.0119, 0, 0, 0, 0, 0]",221100011010002201000210200010000002000000
"[0, 0.0119, 0, 0, 0, 0, 0]",221110011010002201000210200012000002000000
"[0, 0, -1, 0, 0, 0, 0]",221110011011002201000210200012000002200000
"[0, 0.04047, 0, 0, 0, 0, 0]",201102210010002001000100200020000001000000
"[0, 0.02306, 0, 0, 0, 0, 0]",221102210110002001000100200020000001000000
"[0, -1, -1, -1, -1, -1, 0]",221102212110002011000100200020000001000000
"[0, 0, 0, 0, 0.06114, 0, 0]",220100011010000201000010200000020000000000
"[0.07576, 0, 0, 0, 0, 0, 0]",220100011010002201000010200001020000000000
"[0.06105, 0, 0, 0, 0, 0, 0]",220100011010002201000210200011020000000000
"[0, 0.03348, 0, 0, 0, 0, 0]",221100011010002201000210200011020002000000
"[0, 0, -1, 0, 0, 0, -0.42657]",221110011010002201000210200011020002200000
"[0, 0, -1, 0, -1, -1, -1]",221110011011002201000210200011020002202000
"[0, 0, -1, -1, -1, -1, -1]",221110211011002201000210200011020002200000
"[0, 0, 0, 0, 0, 0, 0.05885]",220120211011002001100200200010000000000000
"[0, 0.0398, 0, 0, 0, 0, 0]",220121211011002001100200200010000002000000
"[0, 0.02767, -1, 0, 0, 0, 0]",220121211011102201100200200010000002000000
"[0, 0, 0, 0.01785, 0, 0, 0]",220121211011102201110220200010000002000000
"[0.05626, 0, 0, 0, 0, 0, 0]",220120011011000201000010200000020000000000
"[0.04854, 0, 0, 0, 0, 0, 0]",220120011011002201100010200000020000000000
"[0, 0, 0, 0.04057, 0, 0, 0]",220120011011002201100210200010020000000000
"[0, 0, 0.03303, 0, 0, 0, 0]",221120011011002201100210200010020000002000
"[0, 0.02083, 0, 0, 0, 0, 0]",221120011211002201100210200011020000002000
"[0, 0, 0, 0, 0.0119, 0, 0]",221120011211002201100210200011020001202000
"[0, 0, -1, 0, 0, 0, 0]",221121011211002201100210220011020001202000
"[0.06508, 0, 0, 0, 0, 0, 0]",220100011010000201000020200001000000000000
"[0.0601, 0, 0, 0, 0, 0, 0]",220100011010002201000120200001000000000000
"[0, 0.0556, 0, 0, 0, 0, 0]",220100011010002201000120200021000001000000
"[0, 0, 0, 0.05049, 0, 0, 0]",220110011010002201000120200021000001200000
"[0, 0, 0, 0.04047, 0, 0, 0]",221110011010002201000120200021020001200000
"[0, 0, -0.42694, 0, 0, 0, 0]",221110011011002201000120200021020001202000
"[0, 0, -1, 0, -1, -1, -1]",221110011211002201100120200021020001202000
"[0.02232, 0, 0, 0, 0, 0, 0]",022100001020000001000000100000000000000000
"[0, 0, 0, 0.0119, 0, 0, 0]",222100001020000001000000100000010000000000
"[0, 0, 0, 0, 0.07512, 0, 0]",220100011010000001000000200000020000000000
"[0, 0, 0, 0, 0.05689, 0, 0]",220100011010002001000100200000020000000000
"[0.0119, 0, 0, 0, 0, 0, 0]",220110011010002001000100200020020000000000
"[0, 0.0119, 0, 0, 0, 0, 0]",221110011010002001000100200020020002000000
"[0, -1, 0, 0, 0, 0, 0]",221110011010002201000110200020020002000000
"[0, 0.05044, 0, 0, 0, 0, 0]",220120011010002101000100200000020000000000
"[0.0119, 0, 0, 0, 0, 0, 0]",220120011011002101000100200020020000000000
"[0, 0.0119, 0, 0, 0, 0, 0]",220121011011002101000100200020020002000000
"[0, 0.0119, 0, 0, 0, 0, 0]",220121011011102101000120200020020002000000
"[0, 0, 0, 0, 0, 0.01785, 0]",220121011011102101010120200022020002000000
"[0, 0, 0, 0, 0, 0, 0.03423]",220120011011002101000120200000020000000000
"[0, 0, 0, 0, 0, 0, 0.03395]",220120011011002101000120200021020000000000
"[0.03154, 0, 0, 0, 0, 0, 0]",220121211011002101000120200021020000000000
"[0, 0.02618, 0, 0, 0, 0, 0]",220121211011102101000120200021020002000000
"[0, 0, 0, 0.01785, 0, 0, 0]",220121211011102101010120200021020002200000
"[0, 0, 0, 0, 0.0119, 0, 0]",220121211011102101110120200021020002202000
"[0, 0, -1, 0, 0, 0, 0]",221121211011102101110120220021020002202000
"[0.04047, 0, 0, 0, 0, 0, 0]",220121011011002101000120200002020000000000
"[0.02842, 0, 0, 0, 0, 0, 0]",220121011011102101000120200022020000000000
"[0.06729, 0, 0, 0, 0, 0, 0]",220120011010000101000000200000020000000000
"[0, 0, 0, 0.0119, 0, 0, 0]",220121011011102101010120202022020002100000
"[0, 0, -1, 0, 0, 0, 0]",220121011011102101110120202022020002102000
"[0.02321, 0, 0, 0, 0, 0, 0]",220121211011002101000120200000020000000000
"[0.01785, 0, 0, 0, 0, 0, 0]",220121211011202101100120200000020000000000
"[-1, 0, 0, 0, 0, 0, -1]",221121211011202101100120200020020000000000
"[0, 0.0119, 0, 0, 0, 0, 0]",222100001010000101000000200000000000000000
"[0, 0.0119, 0, 0, 0, 0, 0]",222100021110000101000000200000000000000000
"[-1, -1, 0, 0, 0, 0, 0]",222100021110001101000020200000000000000000
"[0.0119, 0, 0, 0, 0, 0, 0]",222120001110000101000000200000000000000000
"[0.0119, 0, 0, 0, 0, 0, 0]",222120021110001101000000200000000000000000
"[-1, 0, 0, 0, 0, 0, 0]",222120021110001101000210200000000000000000
"[0.03395, 0, 0, 0, 0, 0, 0]",002120000010000001000000200000010000000000
"[0.03395, 0, 0, 0, 0, 0, 0]",202120010010000001000000200000010000000000
"[0.03395, 0, 0, 0, 0, 0, 0]",202120010110002001000000200000010000000000
"[0.03154, 0, 0, 0, 0, 0, 0]",202120010111002001000200200000010000000000
"[0, 0, 0, 0, 0, 0, 0.0119]",202120010111002001000200200020010001000000
"[0, 0, 0.0119, 0, 0, 0, 0]",202120010111002001200200210020010001000000
"[0, -1, -1, 0, 0, 0, 0]",221121211011102201110220200010020002000000
"[0, 0, 0.04329, 0, 0, 0, 0]",221120211011022001100200200010000000000000
"[-1, -1, 0.06944, 0, -1, 0, -1]",221120011012000001000000200000000000000000
"[0.05677, 0, 0, 0, 0, 0, 0]",221120011212000001100000200000000000000000
"[0, 0.0371, 0, 0, 0, 0, 0]",221120011212002011100000200000000000000000
"[-1, -1, -1, -1, -1, -1, -1]",221120011212002011100200200010000000000000
"[0.03395, 0, 0, 0, 0, 0, 0]",120120022010001001000000200000010000000000
"[0.03395, 0, 0, 0, 0, 0, 0]",120120022010001001000200200010010000000000
"[0, 0.02886, 0, 0, 0, 0, 0]",120120022010001101000200200010010002000000
"[0, 0, 0, 0.02321, 0, 0, 0]",120120022010001101000220200011010002000000
"[0, 0, 0.0119, 0, 0, 0, 0]",120120022010001101000220200011010002201000
"[0, 0, -1, 0, 0, 0, 0]",122121022010001101000220200011010002201000
"[0, 0, 0, 0, 0, 0, 0.0119]",120120022010001101000220200011010002102000
"[0, 0, 0.0119, 0, 0, 0, 0]",122120022110001101000220200011010002102000
"[0, 0, -1, 0, 0, 0, 0]",122120022110001121000221200011010002102000
"[-1, 0, 0, 0, 0.0119, 0, 0]",221120011212002211100010200000000000000000
"[0, 0.0119, 0, 0, 0, 0, 0]",221120011212002211100011200002000000000000
"[-1, 0, 0, 0, 0, 0, 0]",221120011212002211100011200002100000200000
"[-1, -1, 0, -1, 0, 0, 0]",221122011212102211100010200000000000000000
"[-1, 0, 0, 0, 0, 0, 0]",222102021110001101000020200000010000000000
"[-1, 0, 0, 0, 0, 0, 0]",221120011212002211100011220000000000000000
"[0.06973, 0, 0, 0, 0, 0, 0]",220120211011000001000000200000000000000000
"[0.057, 0, 0, 0, 0, 0, 0]",220121211011002001000000200000000000000000
"[0, 0.04641, 0, 0, 0, 0, 0]",220121211011102001000200200000000000000000
"[0, 0.03816, 0, 0, 0, 0, 0]",220121211011102201010200200000000000000000
"[0, 0.02321, 0, 0, 0, 0, 0]",220121211011102201110200202000000000000000
"[0.02321, 0, 0, 0, 0, 0, 0]",220121211011102201110220212000000000000000
"[0, 0, 0, 0, 0, 0, 0.01785]",220121211011102201110220212020000001000000
"[0, -1, -1, 0, 0, 0, 0]",220121211011122201110220212021000001000000
"[0, 0, 0, 0.02232, 0, 0, 0]",220121211011102201110220200000000000000000
"[-1, -1, -1, -1, -1, 0, 0]",221121211011102201110220200000020000000000
"[0, 0.02321, 0, 0, 0, 0, 0]",220120011011000201000000200000000000000000
"[0, 0, 0, 0, 0, 0.05842, 0]",220121011011002201000000200000000000000000
"[0, 0, 0, 0, 0.04307, 0, 0]",220121011011102201000200200000000000000000
"[0, 0.01785, 0, 0, 0, 0, 0]",220121011011102201000200200020000001000000
"[0, -1, -1, 0, 0, 0, 0]",220121011011102201010220200020000001000000
"[0.0119, 0, 0, 0, 0, 0, 0]",220102121010001201000210200020010000001000
"[0, 0.0119, 0, 0, 0, 0, 0]",220112121010001201000210200020010002001000
"[0, 0.0119, 0, 0, 0, 0, 0]",220112121011001201000210200022010002001000
"[0, 0, 0.0119, 0, 0, 0, 0]",221112121011001201000210200022010002201000
"[0, 0, -1, 0, 0, 0, 0]",221112121211001201100210200022010002201000
"[0.05629, 0, 0, 0, 0, 0, 0]",220121011011102201200200200010000000000000
"[0, 0, 0, 0, 0.04179, 0, 0]",220121011011102201200210200010000002000000
"[0, 0, 0.0119, 0, 0, 0, 0]",221121011011102201200210200012000002000000
"[0, -1, 0, 0, 0, 0, 0]",221121011211102201210210200012000002000000
"[0, -1, 0.02232, -1, 0, 0, 0]",221121011011102201200210220010000002000000
"[0.05843, 0, 0, 0, 0, 0, 0]",220121011011102201000020200000000000000000
"[0.06576, 0, 0, 0, 0, 0, 0]",220121011011102201000220200001000000000000
"[0, 0.05543, 0, 0, 0, 0, 0]",220121011011102201000220200021000001000000
"[0, 0, 0, 0.03862, 0, 0, 0]",220121011011102201100220200021000001200000
"[0.02321, 0, 0, 0, 0, 0, 0]",220121211011102101000120200020020000000000
"[0, 0.02321, 0, 0, 0, 0, 0]",220121211011102101010120200020020002000000
"[0, 0.01785, 0, 0, 0, 0, 0]",220121211011102101110120200022020002000000
"[0, 0, -1, 0, -1, 0, 0]",221121211011102101110120200022020002200000
"[0, 0, 0, 0, 0.02618, 0, 0]",220121011011102201100220210021020001200000
"[0, 0, 0, 0, 0.01785, 0, 0]",220121011011102201110220210021020001202000
"[0, 0, -1, 0, -1, -1, 0]",221121011011102201110220210021022001202000
"[0, 0, 0, 0, 0, 0, 0.0119]",220121011011102201110220210021022001200000
"[0.035, 0, 0, 0, 0, 0, 0]",220121211011102201000000200000000000000000
"[0.0119, 0, 0, 0, 0, 0, 0]",222100001110000101000020200000000000000000
"[0, 0.02083, 0, 0, 0, 0, 0]",220121011011102201000000200000020000000000
"[0, 0, 0, 0, 0, 0, 0.01785]",220121011011102201010200200000020000000000
"[0, 0, -1, 0, 0, 0, 0]",220100021010002101000110200020010000002000
"[0, 0, -1, 0, 0, 0, 0]",121120222010001101000220200011010002102000
"[0.0119, 0, 0, 0, 0, 0, 0]",220121011011102201010200202010020000000000
"[0, 0.0119, 0, 0, 0, 0, 0]",220121011011102201010210202010020002000000
"[0, -1, 0, 0, 0, 0, 0]",221121011011102201010210202012020002000000
"[0, 0, 0, 0.03303, 0, 0, 0]",221120211211022011100200200010000000000000
"[0, -1, -1, -1, -1, -1, 0]",221120211211022011100201200010000002000000
"[-1, 0.0119, 0, 0, 0, 0, 0]",220121211011102201110200200000020000000000
"[0.0119, 0, 0, 0, 0, 0, 0]",220121011011102201020100200000020000000000
"[0.0119, 0, 0, 0, 0, 0, 0]",220121011011102201020100200020020000001000
"[0, 0, -1, 0, 0, 0, 0]",220121011011102201020100201020020002001000
"[-1, -1, -1, 0, 0, 0, 0]",220121011011102201010020200000020000000000
"[0.06704, 0, 0, 0, 0, 0, 0]",220121011011102201200000200000000000000000
"[0, -1, -1, -1, -1, 0, 0]",221121011211102201200210220011000002000000
"[0, 0.05458, 0, 0, 0, 0, 0]",220121011011202201100000200000000000000000
"[-1, 0, 0, 0, 0, 0, 0]",220121011011202201100200210000000000000000
"[0.0119, 0, 0, 0, 0, 0, 0]",222100011020000001000000100000010000002000
"[0.0119, 0, 0, 0, 0, 0, 0]",222110011020002001000000100000010000002000
"[0.0119, 0, 0, 0, 0, 0, 0]",222110011020002001000200100010010000002000
"[0, -1, 0, 0, 0, 0, 0]",222110111020002001000200100010010002002000
"[0, 0, 0, 0, 0.0119, 0, 0]",220121211011202201100000210000000000000000
"[0.0119, 0, 0, 0, 0, 0, 0]",220121211011202201110000210000002000000000
"[0.0119, 0, 0, 0, 0, 0, 0]",220121211011202201110200210000012000000000
"[0, 0.0119, 0, 0, 0, 0, 0]",220121211011202201110200210020012001000000
"[0, 0.0119, 0, 0, 0, 0, 0]",220121211011202201110220210021012001000000
"[0, 0, -1, 0, 0, 0, 0]",220121211011202201110220211021012001200000
"[0, 0, 0, 0, 0.05337, 0, 0]",220121011011202201100020210000000000000000
"[0.0512, 0, 0, 0, 0, 0, 0]",220121011011202201100020210001002000000000
"[0.0465, 0, 0, 0, 0, 0, 0]",220121011011202201110220210001002000000000
"[0, 0.03779, 0, 0, 0, 0, 0]",220121011011202201110220210021002001000000
"[0, 0, 0, 0.02232, 0, 0, 0]",220121011011202201110220211021002001200000
"[0, 0, -1, -1, -1, -1, 0]",220121011011202201110220211021022101200000
"[0.03399, 0, 0, 0, 0, 0, 0]",220120011011000201000020200001000000000000
"[0.05666, 0, 0, 0, 0, 0, 0]",220121011011002201000020200001000000000000
"[0, 0, -1, 0, 0, 0, 0]",221121211011102201110220210021022001200000
"[0, 0.02083, 0, 0, 0, 0, 0]",221120211211022011100201200010020000000000
"[0, -1, -1, -1, 0, 0, 0]",221120211211022211100201200010020001000000
"[0, 0, 0, 0.05517, 0, 0, 0]",220120011011002001100200200010020000000000
"[0, 0, 0.02321, 0, 0, 0, 0]",221120011011002001100200200010020002000000
"[0, 0.01785, 0, 0, 0, 0, 0]",221120011211002011100200200010020002000000
"[0, -1, -1, 0, 0, 0, 0]",221120011211002211100201200010020002000000
"[0, -1, 0, 0, 0, 0, 0]",202120010111002021200201210020010001000000
"[0, 0, 0.0119, 0, 0, 0, 0]",112102021110101222000121200021220002101000
"[0, 0, 0, 0, -1, 0, 0]",112102021110101222010121200021220002121000
"[0, 0.04252, 0, 0, 0, 0, 0]",220120011011002001100200200010020001002000
"[0, -0.42657, 0, 0, 0, 0, 0]",220120011011002201100210200010020001002000
"[0, -1, -1, 0, -1, -1, -1]",221120011011002201100210200012020001002000
"[0.02842, 0, 0, 0, 0, 0, 0]",120100002010000000000000000000000000000000
"[0, 0, 0, 0.0119, -1, 0, 0]",120100022010000001000000000000000000000000
"[0, 0, 0.07652, 0, 0, 0, 0.01726]",201120000010000002000000100000000000000000
"[0, 0, 0.0119, 0, 0, 0, 0]",201120020010001002000000100000000000000000
"[0.02321, 0, 0, 0, 0, 0, 0]",201120020010001002000200100000010000000000
"[0.02321, 0, 0, 0, 0, 0, 0]",201120020010001002000200100020010000001000
"[0, 0.02321, 0, 0, 0, 0, 0]",211120020010001002000200100020010002001000
"[0, 0.02321, 0, 0, 0, 0, 0]",211120022010001102000200100020010002001000
"[0, 0.02321, 0, 0, 0, 0, 0]",211120022010001102000220100021010002001000
"[0, 0, 0, 0, 0, 0, 0.02321]",211120022110001102000220100021010002201000
"[0, 0, 0.02321, 0, 0, 0, 0]",211120222110001112000220100021010002201000
"[0, 0, 0.02321, 0, 0, 0, 0]",211120222111001112000222100021010002201000
"[0, 0, 0.02321, 0, 0, 0, 0]",211120222111001112100222100021210002201000
"[0, 0, 0, 0, 0.02321, 0, 0]",211120222111001112100222110021210002221000
"[0, 0, 0, 0, 0.01785, 0, 0]",211120222111011112100222110021212002221000
"[0, 0, 0, 0, 0, -1, -1]",211121222111011112100222110021212002221200
"[0, 0, 0.0119, 0, 0, 0, 0]",200100210010021001000000200000000000000000
"[0.0119, 0, 0, 0, 0, 0, 0]",202100210010021001000100200000000000000000
"[0.0119, 0, 0, 0, 0, 0, 0]",202100210110021001000100200020000000000000
"[0, -1, 0, 0, 0, 0, 0]",212100210110021001000100200020000002000000
"[0.0119, 0, 0, 0, 0, 0, 0]",202100210010001001000000200000000000000000
"[0.0119, 0, 0, 0, 0, 0, 0]",202100210010001001000200200010000000000000
"[0, 0.0119, 0, 0, 0, 0, 0]",202100210110001001000200200010000002000000
"[0, -1, 0, 0, 0, 0, 0]",222100210110001011000200200010000002000000
"[0.04187, 0, 0, 0, 0, 0, 0]",000100200010000002000000100000000000000000
"[0.03678, 0, 0, 0, 0, 0, 0]",200100200010000002000000100000010000000000
"[0, 0.03395, 0, 0, 0, 0, 0]",200100220010001002000000100000010000000000
"[0.0119, 0, 0, 0, 0, 0, 0]",200100220010001002000200100000010000001000
"[0.0119, 0, 0, 0, 0, 0, 0]",200100220010011002000200100020010000001000
"[0, 0.0119, 0, 0, 0, 0, 0]",210100220010011002000200100020010002001000
"[0, -1, 0, 0, 0, 0, 0]",211100222010011002000200100020010002001000
"[0.03395, 0, 0, 0, 0, 0, 0]",220100220010001002000100100000010000000000
"[0, 0.03395, 0, 0, 0, 0, 0]",220100220010001002000100100020010001000000
"[0, 0.03154, 0, 0, 0, 0, 0]",220100222010001102000100100020010001000000
"[0, 0.02618, 0, 0, 0, 0, 0]",220100222010001102000120100021010001000000
"[0, 0, 0, 0, 0.01785, 0, 0]",220100222010001102000120100021010001201000
"[0, 0, 0, 0, 0, 0, 0.0119]",220120222011001102000120100021010001201000
"[0.0119, 0, 0, 0, 0, 0, 0]",120100022010000101000000200000000000000000
"[0.0119, 0, 0, 0, 0, 0, 0]",120100022010002101000100200000000000000000
"[0.0119, 0, 0, 0, 0, 0, 0]",120110022010002101000100200020000000000000
"[0, -1, 0, 0, 0, 0, 0]",120111022010002101000100200020000002000000
"[0, 0, 0, 0, 0.02321, 0, 0]",201120000012000002100000100000000000000000
"[0, 0, 0, 0, 0, 0.03395, 0]",201121020012000002100000100000000000000000
"[0.02306, 0, 0, 0, 0, 0, 0]",201121020012002002100100100000000000000000
"[-1, -1, -1, -1, -1, 0, 0]",201121020012102002100100100020000000000000
"[0, -1, 0, 0, 0, 0, 0]",202120210111002001100200200020010001000000
"[0.03395, 0, 0, 0, 0, 0, 0]",201121020012201002100000100000000000000000
"[0, 0, 0.03395, 0, 0, 0, 0]",201121020012201002100200100010000000000000
"[0.03154, 0, 0, 0, 0, 0, 0]",201121020212201002100200110010000000000000
"[0, 0.01785, 0, 0, 0, -1, 0]",201121020212201012100200110010000002000000
"[0, -1, -1, 0, 0, 0, 0]",221121020212201012100200110010001002000000
"[0.02321, 0, 0, 0, 0, 0, 0]",201120200012000002100000110000000000000000
"[0.01785, 0, 0, 0, 0, 0, 0]",201120220012001002100000110000000000000000
"[0.0119, 0, 0, 0, 0, 0, 0]",201120220012011002100200110000000000000000
"[0.0119, 0, 0, 0, 0, 0, 0]",201121220012011002100200110020000000000000
"[0, 0.0119, 0, 0, 0, 0, 0]",201121220012011002100200110020010002000000
"[0, 0.0119, 0, 0, 0, 0, 0]",221121220012111002100200110020010002000000
"[0, 0.0119, 0, 0, 0, 0, 0]",221121222012111102100200110020010002000000
"[0, 0.0119, 0, 0, 0, 0, 0]",221121222012111102100220110021010002000000
"[0, 0, 0.0119, 0, 0, 0, 0]",221121222012111102100220110021011002200000
"[0, 0, -1, 0, 0, 0, 0]",221121222212111112100220110021011002200000
"[-1, 0, 0, 0, 0, 0, 0]",201120220012001002100200110000001000000000
"[0.02321, 0, 0, 0, 0, 0, 0]",201120000112000002100000120000000000000000
"[0.02321, 0, 0, 0, 0, 0, 0]",201120020112001002100000120000000000000000
"[0.02321, 0, 0, 0, 0, 0, 0]",201120020112001002100200120010000000000000
"[0, 0.02321, 0, 0, 0, 0, 0]",211120020112001002100200120010000002000000
"[0, 0, 0, 0, 0, 0, 0.0119]",211120022112001002100200120010010002000000
"[0, 0.0119, 0, 0, 0, 0, 0]",211120022112001212100200120010010002000000
"[0, 0.0119, 0, 0, 0, 0, 0]",211120022112001212100220120011010002000000
"[0, 0, -1, 0, 0, 0, 0]",211120022112001212100220120011011002200000
"[0, 0, 0, 0.0119, 0, 0, 0]",201120200010000002000000100000010000000000
"[0.04469, 0, 0, 0, 0, 0, 0]",201120220010001002000000100000010000000000
"[0.02641, 0, 0, 0, 0, 0, 0]",201120220010001002000200100000010000001000
"[0.02321, 0, 0, 0, 0, 0, 0]",201121220010001002000200100020010000001000
"[0, 0, 0, 0, 0.02321, 0, 0]",211121220010001002000200100020010002001000
"[0, 0.02321, 0, 0, 0, 0, 0]",211121220012001002100200100020010002001000
"[0, 0.02321, 0, 0, 0, 0, 0]",211121222012001102100200100020010002001000
"[0, 0.02321, 0, 0, 0, 0, 0]",211121222012001102100220100021010002001000
"[0, 0, 0.02321, 0, 0, 0, 0]",211121222012001102100220110021010002201000
"[0, 0, 0.01785, 0, 0, 0, 0]",211121222212001102100220110021011002201000
"[0, 0, -1, 0, -1, 0, 0]",211121222212001122100221110021011002201000
"[0.02321, 0, 0, 0, 0, 0, 0]",201120220010011002000200100020010000001000
"[0, 0.02321, 0, 0, 0, 0, 0]",201120220011011002000200100020010002001000
"[0, 0, 0, 0, 0, 0, 0.0119]",221120220011011002100200100020010002001000
"[0, 0.0119, 0, 0, 0, 0, 0]",221120222011011102100200100020010002001000
"[0, 0.0119, 0, 0, 0, 0, 0]",221120222011011102100220100021010002001000
"[0, 0, 0.0119, 0, 0, 0, 0]",221120222111011102100220100021010002201000
"[0, 0, 0.0119, 0, 0, 0, 0]",221120222111011122100221100021010002201000
"[0, 0, -1, 0, 0, 0, 0]",221120222111011122100221110021210002201000
"[0.02321, 0, 0, 0, 0, 0, 0]",202100010010000001000000200000000000000000
"[0.02321, 0, 0, 0, 0, 0, 0]",202100010010002001000100200000000000000000
"[0, 0, 0, 0, 0, 0.01785, 0]",202100010110002001000100200020000000000000
"[-1, -1, 0, 0, 0, 0, 0]",212102010110002001000100200020000000000000
"[0.03395, 0, 0, 0, 0, 0, 0]",211120020210001002000000100000000000000000
"[0.03395, 0, 0, 0, 0, 0, 0]",211120020210001002000200100010000000000000
"[0, 0.03395, 0, 0, 0, 0, 0]",211120020210001002000200100010010002000000
"[0, 0, 0, 0, 0, 0.0119, 0]",211120022210001102000200100010010002000000
"[0, 0.02321, 0, 0, 0, 0, 0]",211120022210001102000220100011010002000000
"[0, 0, 0.02321, 0, 0, 0, 0]",211120022210001102000220100011010002201000
"[0, 0, 0.02321, 0, 0, 0, 0]",211120022210001122000221100011010002201000
"[0, 0, 0, 0, 0, 0.02321, 0]",211120022210001122000221100011210002211000
"[0, 0, 0, 0, 0.01785, 0, 0]",211122022211001122000221100011210002211000
"[0, 0, 0, 0, -1, -1, 0]",211122022211001122200221110011210002211000
"[0, -1, 0, 0, 0, 0, 0]",221120220011011002102200110020010002001000
"[0.0119, 0, 0, 0, 0, 0, 0]",201120220110001002000200100020010000001000
"[0, 0.0119, 0, 0, 0, 0, 0]",201120220110001012000200100020010002001000
"[0, -1, 0, 0, 0, 0, 0]",221120221110001012000200100020010002001000
"[0.04017, 0, 0, 0, 0, 0, 0]",221120201010000002000000100000010000000000
"[0.02321, 0, 0, 0, 0, 0, 0]",221120221110000002000000100000010000000000
"[0.01785, 0, 0, 0, 0, 0, 0]",221122221110000012000000100000010000000000
"[-1, -1, 0, 0, 0, 0, 0]",221122221110002012000100100000010000000000
"[0.01785, -1, 0, 0, 0, 0, 0]",221120221110000212000000100000010000000000
"[-1, -1, 0, 0, 0, 0, 0]",221120221110002212000100100000010000000000
"[0.01785, 0, 0, 0, 0, 0, 0]",221120221110002002000100100000010000000000
"[-1, 0, 0, 0, 0, 0, -1]",221120221110002012000100100020010000000000
"[0.0119, 0, 0, 0, 0, 0, 0]",201120200110020002000000100000010000000000
"[-1, 0, 0, 0, 0, 0, 0]",201120220110020012000000100000010000000000
"[0, 0, -1, 0, 0, 0, 0]",220120222011021102001120100021010001201000
"[0, 0, 0, 0, 0, 0, 0.02351]",201120000010000002000000100000020000001000
"[0.01785, 0, 0, 0, 0, 0, 0]",201120020010001002000000100000020000001000
"[0.0119, 0, 0, 0, 0, 0, 0]",211120020010001002000200100000020000001000
"[0, 0.0119, 0, 0, 0, 0, 0]",211120020010001002000200100020020001001000
"[0, 0.0119, 0, 0, 0, 0, 0]",211120022010001102000200100020020001001000
"[0, 0.0119, 0, 0, 0, 0, 0]",211120022010001102000220100021020001001000
"[0, 0, 0.0119, 0, 0, 0, 0]",211120022110001102000220100021020001201000
"[0, 0, 0.0119, 0, 0, 0, 0]",211120022110001122000221100021020001201000
"[0, 0, 0, 0, 0.0119, 0, 0]",211120022110001122000221100021220001211000
"[0, 0, 0, 0, 0.0119, 0, 0]",211120022112001122100221100021220001211000
"[0, 0, 0, 0, 0.0119, 0, 0]",211120022112001122100221120021221001211000
"[0, 0, 0, 0, 0, -1, 0]",211120122112001122100221120021221001211200
"[0, 0, 0.0119, 0, 0, 0, 0]",201120020011001002000200100000020000001000
"[0.0119, 0, 0, 0, 0, 0, 0]",201120020211001002100200100000020000001000
"[-1, 0, 0, 0, 0, 0, 0]",201120020211001002100200110020020000001000
"[0.02321, 0, 0, 0, 0, 0, 0]",201120200110000002000000100000020000001000
"[0.02321, 0, 0, 0, 0, 0, 0]",201120220111000002000000100000020000001000
"[0.01785, 0, 0, 0, 0, 0, 0]",201120220111002002000100100000020000001000
"[-1, -1, 0, 0, 0, 0, 0]",211120220111002002000100100020020000001000
"[0, 0.0119, 0, 0, 0, 0, 0]",211121222112001002100200120010010002000000
"[0, 0.0119, 0, 0, 0, 0, 0]",211121222112001212100200120010010002000000
"[0, 0, 0, 0, 0, 0.0119, 0]",211121222112001212100220120011010002000000
"[0, 0, 0, 0, 0, -1, 0]",211121222112201212100220120011011002000000
"[0.0119, 0, 0, 0, 0, 0, 0]",201120210010000002000000100000020000001000
"[0.0119, 0, 0, 0, 0, 0, 0]",201120210110002002000000100000020000001000
"[-1, 0, 0, 0, 0, 0, 0]",201120210110002012000200100000020000001000
"[0, 0, 0, 0.02886, 0, 0, 0]",221120001010000002000000100000000000000000
"[0, 0, 0, 0, 0, 0, 0.0119]",221120021110000002000000100000000000000000
"[0.02306, 0, 0, 0, 0, 0, 0]",221120221110000012000000100000000000000000
"[-1, -1, -1, -1, 0, 0, 0]",221120221110002012000100100000000000000000
"[0.03973, 0, 0, 0, 0, 0, 0]",221120201110000002000000100000000000000000
"[0.03395, 0, 0, 0, 0, 0, 0]",201102000010000001000000200000000000000000
"[0.03395, 0, 0, 0, 0, 0, 0]",201102020010001001000000200000000000000000
"[0, 0.03395, 0, 0, 0, 0, 0]",201102020010001001000200200010000000000000
"[0.03154, 0, 0, 0, 0, 0, 0]",221102021010001001000200200010000000000000
"[0, 0.02083, 0, 0, 0, 0, 0]",221102021110001001000200200010000002000000
"[0, -1, -1, -1, 0, 0, 0]",221102021110001211000200200010000002000000
"[0.02321, -1, 0, 0, 0, 0, 0]",221120001110000002000000100000020000000000
"[0.01785, 0, 0, 0, 0, 0, 0]",221120021110000012000000100000020000000000
"[-1, -1, 0, 0, 0, 0, 0]",221120021110002012000100100000020000000000
"[0, 0, 0.06357, 0, 0, 0, 0]",211120000210000002000000100000000000000000
"[0, -1, 0, 0, 0, 0, 0]",211122022210001102000210100010010002000000
"[0.0494, 0, 0, 0, 0, 0, 0]",211120000210000022000001100000000000000000
"[0, 0, 0, 0, 0, 0.04187, 0]",211120020210001022000001100000000000000000
"[0.04307, 0, 0, 0, 0, 0, 0]",211120020210001022000201100000010000000000
"[0, 0.03946, 0, 0, 0, 0, 0]",211120020210001022000201100020010000001000
"[0.03544, 0, 0, 0, 0, 0, 0]",211120022210001122000201100020010000001000
"[0, 0, 0.03395, 0, 0, 0, 0]",211120022210001122000211100020010002001000
"[0, 0.03154, 0, 0, 0, 0, 0]",211120022210001122000211100021210002001000
"[0, 0, 0.02618, 0, 0, 0, 0]",211120122210001122000211100021210002201000
"[0, 0, 0, 0, 0, 0.01785, 0]",211120122211001122000211100021210002221000
"[0.0119, 0, 0, 0, 0, 0, 0]",201120210010000002000000100000010000002000
"[0.0119, 0, 0, 0, 0, 0, 0]",201120210110002002000000100000010000002000
"[-1, 0, 0, 0, 0, 0, 0]",201120210110002012000200100000010000002000
"[0, 0, 0, 0, -1, 0, 0]",211122122211001122100211100021210002221000
"[0.03678, 0, 0, 0, 0, 0, 0]",211122020210001022000101100000000000000000
"[0, 0, 0, 0, 0, 0.03395, 0]",211122020210001022000101100020100000000000
"[0, 0.0119, 0, 0, 0, 0, 0]",211122020210101022000101100020100002000000
"[0, -1, 0, 0, 0, 0, 0]",211122022210101022000101100020100002010000
"[0, 0, 0, 0.0119, 0, 0, 0]",211122020210201022010101100020100000000000
"[0, 0.02321, 0, 0, 0, 0, 0]",211122020210201022010101100020110002000000
"[0, 0.02321, 0, 0, 0, 0, 0]",211122022210201122010101100020110002000000
"[0, 0.02321, 0, 0, 0, 0, 0]",211122022210201122010121100021110002000000
"[0, 0, 0, 0.01785, 0, 0, 0]",211122022210201122010121100021110002210000
"[0, 0, 0, 0, 0, 0.0119, 0]",211122022211201122010121100021110002212000
"[0, 0, 0, 0, -1, 0, 0]",211122022211201122110121102021110002212000
"[0.0119, 0, 0, 0, 0, 0, 0]",211122020210201022010101101020120000000000
"[0, -1, 0, 0, 0, 0, 0]",211122020211201022010101101020120002000000
